Product_Id,Product_Name,Product_Subcategory,Product_Subcategory_Id,Product_Category,Product_Category_Id,Product_Cost,Product_Date
1,iPad,Tablet,100,Hardware,001,599,10/4/2012
2,iPod,MP3,101,Hardware,001,249,10/4/2012
3,iPhone,Phone,102,Hardware,001,299,10/4/2012
4,kindleHD,Tablet,100,Hardware,002,149,10/4/2012
5,windows7,PC Software,101,Software,002,99,10/4/2012
6,Sql Server,Database Software,102,Software,002,1499,10/4/2012
7,Windows Server,Server Software,100,Software,002,1999,10/4/2012
8,iPad,Tablet,100,Hardware,001,599,10/4/2012
9,iPod,MP3,101,Hardware,001,249,10/4/2012
10,iPhone,Phone,102,Hardware,001,299,10/4/2012
11,kindleHD,Tablet,100,Hardware,002,149,10/4/2012
12,windows7,PC Software,101,Software,002,99,10/4/2012
13,Sql Server,Database Software,102,Software,002,1499,10/4/2012
14,Windows Server,Server Software,100,Software,002,1999,10/4/2012
15,iPad,Tablet,100,Hardware,001,599,10/4/2012
16,iPod,MP3,101,Hardware,001,249,10/4/2012
17,iPhone,Phone,102,Hardware,001,299,10/4/2012
18,kindleHD,Tablet,100,Hardware,002,149,10/4/2012
19,windows7,PC Software,101,Software,002,99,10/4/2012
20,Sql Server,Database Software,102,Software,002,1499,10/4/2012
21,Windows Server,Server Software,100,Software,002,1999,10/4/2012
22,iPad,Tablet,100,Hardware,001,599,10/4/2012
23,iPod,MP3,101,Hardware,001,249,10/4/2012
24,iPhone,Phone,102,Hardware,001,299,10/4/2012
25,kindleHD,Tablet,100,Hardware,002,149,10/4/2012
26,windows7,PC Software,101,Software,002,99,10/4/2012
27,Sql Server,Database Software,102,Software,002,1499,10/4/2012
28,Windows Server,Server Software,100,Software,002,1999,10/4/2012
29,iPad,Tablet,100,Hardware,001,599,10/4/2012
30,iPod,MP3,101,Hardware,001,249,10/4/2012
31,iPhone,Phone,102,Hardware,001,299,10/4/2012
32,kindleHD,Tablet,100,Hardware,002,149,10/4/2012
33,windows7,PC Software,101,Software,002,99,10/4/2012
34,Sql Server,Database Software,102,Software,002,1499,10/4/2012
35,Windows Server,Server Software,100,Software,002,1999,10/4/2012
36,iPad,Tablet,100,Hardware,001,599,10/4/2012
37,iPod,MP3,101,Hardware,001,249,10/4/2012
38,iPhone,Phone,102,Hardware,001,299,10/4/2012
39,kindleHD,Tablet,100,Hardware,002,149,10/4/2012
40,windows7,PC Software,101,Software,002,99,10/4/2012
41,Sql Server,Database Software,102,Software,002,1499,10/4/2012
42,Windows Server,Server Software,100,Software,002,1999,10/4/2012
43,iPad,Tablet,100,Hardware,001,599,10/4/2012
44,iPod,MP3,101,Hardware,001,249,10/4/2012
45,iPhone,Phone,102,Hardware,001,299,10/4/2012
46,kindleHD,Tablet,100,Hardware,002,149,10/4/2012
47,windows7,PC Software,101,Software,002,99,10/4/2012
48,Sql Server,Database Software,102,Software,002,1499,10/4/2012
49,Windows Server,Server Software,100,Software,002,1999,10/4/2012
50,iPad,Tablet,100,Hardware,001,599,10/4/2012
51,iPod,MP3,101,Hardware,001,249,10/4/2012
52,iPhone,Phone,102,Hardware,001,299,10/4/2012
53,kindleHD,Tablet,100,Hardware,002,149,10/4/2012
54,windows7,PC Software,101,Software,002,99,10/4/2012
55,Sql Server,Database Software,102,Software,002,1499,10/4/2012
56,Windows Server,Server Software,100,Software,002,1999,10/4/2012
57,iPad,Tablet,100,Hardware,001,599,10/4/2012
58,iPod,MP3,101,Hardware,001,249,10/4/2012
59,iPhone,Phone,102,Hardware,001,299,10/4/2012
60,kindleHD,Tablet,100,Hardware,002,149,10/4/2012
61,windows7,PC Software,101,Software,002,99,10/4/2012
62,Sql Server,Database Software,102,Software,002,1499,10/4/2012
63,Windows Server,Server Software,100,Software,002,1999,10/4/2012
64,iPad,Tablet,100,Hardware,001,599,10/4/2012
65,iPod,MP3,101,Hardware,001,249,10/4/2012
66,iPhone,Phone,102,Hardware,001,299,10/4/2012
67,kindleHD,Tablet,100,Hardware,002,149,10/4/2012
68,windows7,PC Software,101,Software,002,99,10/4/2012
69,Sql Server,Database Software,102,Software,002,1499,10/4/2012
70,Windows Server,Server Software,100,Software,002,1999,10/4/2012
71,iPad,Tablet,100,Hardware,001,599,10/4/2012
72,iPod,MP3,101,Hardware,001,249,10/4/2012
73,iPhone,Phone,102,Hardware,001,299,10/4/2012
74,kindleHD,Tablet,100,Hardware,002,149,10/4/2012
75,windows7,PC Software,101,Software,002,99,10/4/2012
76,Sql Server,Database Software,102,Software,002,1499,10/4/2012
77,Windows Server,Server Software,100,Software,002,1999,10/4/2012
78,iPad,Tablet,100,Hardware,001,599,10/4/2012
79,iPod,MP3,101,Hardware,001,249,10/4/2012
80,iPhone,Phone,102,Hardware,001,299,10/4/2012
81,kindleHD,Tablet,100,Hardware,002,149,10/4/2012
82,windows7,PC Software,101,Software,002,99,10/4/2012
83,Sql Server,Database Software,102,Software,002,1499,10/4/2012
84,Windows Server,Server Software,100,Software,002,1999,10/4/2012
85,iPad,Tablet,100,Hardware,001,599,10/4/2012
86,iPod,MP3,101,Hardware,001,249,10/4/2012
87,iPhone,Phone,102,Hardware,001,299,10/4/2012
88,kindleHD,Tablet,100,Hardware,002,149,10/4/2012
89,windows7,PC Software,101,Software,002,99,10/4/2012
90,Sql Server,Database Software,102,Software,002,1499,10/4/2012
91,Windows Server,Server Software,100,Software,002,1999,10/4/2012
92,iPad,Tablet,100,Hardware,001,599,10/4/2012
93,iPod,MP3,101,Hardware,001,249,10/4/2012
94,iPhone,Phone,102,Hardware,001,299,10/4/2012
95,kindleHD,Tablet,100,Hardware,002,149,10/4/2012
96,windows7,PC Software,101,Software,002,99,10/4/2012
97,Sql Server,Database Software,102,Software,002,1499,10/4/2012
98,Windows Server,Server Software,100,Software,002,1999,10/4/2012
99,iPad,Tablet,100,Hardware,001,599,10/4/2012
100,iPod,MP3,101,Hardware,001,249,10/4/2012
101,iPhone,Phone,102,Hardware,001,299,10/4/2012
102,kindleHD,Tablet,100,Hardware,002,149,10/4/2012
103,windows7,PC Software,101,Software,002,99,10/4/2012
104,Sql Server,Database Software,102,Software,002,1499,10/4/2012
105,Windows Server,Server Software,100,Software,002,1999,10/4/2012
106,iPad,Tablet,100,Hardware,001,599,10/4/2012
107,iPod,MP3,101,Hardware,001,249,10/4/2012
108,iPhone,Phone,102,Hardware,001,299,10/4/2012
109,kindleHD,Tablet,100,Hardware,002,149,10/4/2012
110,windows7,PC Software,101,Software,002,99,10/4/2012
111,Sql Server,Database Software,102,Software,002,1499,10/4/2012
112,Windows Server,Server Software,100,Software,002,1999,10/4/2012
113,iPad,Tablet,100,Hardware,001,599,10/4/2012
114,iPod,MP3,101,Hardware,001,249,10/4/2012
115,iPhone,Phone,102,Hardware,001,299,10/4/2012
116,kindleHD,Tablet,100,Hardware,002,149,10/4/2012
117,windows7,PC Software,101,Software,002,99,10/4/2012
118,Sql Server,Database Software,102,Software,002,1499,10/4/2012
119,Windows Server,Server Software,100,Software,002,1999,10/4/2012
120,iPad,Tablet,100,Hardware,001,599,10/4/2012
121,iPod,MP3,101,Hardware,001,249,10/4/2012
122,iPhone,Phone,102,Hardware,001,299,10/4/2012
123,kindleHD,Tablet,100,Hardware,002,149,10/4/2012
124,windows7,PC Software,101,Software,002,99,10/4/2012
125,Sql Server,Database Software,102,Software,002,1499,10/4/2012
126,Windows Server,Server Software,100,Software,002,1999,10/4/2012
127,iPad,Tablet,100,Hardware,001,599,10/4/2012
128,iPod,MP3,101,Hardware,001,249,10/4/2012
129,iPhone,Phone,102,Hardware,001,299,10/4/2012
130,kindleHD,Tablet,100,Hardware,002,149,10/4/2012
131,windows7,PC Software,101,Software,002,99,10/4/2012
132,Sql Server,Database Software,102,Software,002,1499,10/4/2012
133,Windows Server,Server Software,100,Software,002,1999,10/4/2012
134,iPad,Tablet,100,Hardware,001,599,10/4/2012
135,iPod,MP3,101,Hardware,001,249,10/4/2012
136,iPhone,Phone,102,Hardware,001,299,10/4/2012
137,kindleHD,Tablet,100,Hardware,002,149,10/4/2012
138,windows7,PC Software,101,Software,002,99,10/4/2012
139,Sql Server,Database Software,102,Software,002,1499,10/4/2012
140,Windows Server,Server Software,100,Software,002,1999,10/4/2012
141,iPad,Tablet,100,Hardware,001,599,10/4/2012
142,iPod,MP3,101,Hardware,001,249,10/4/2012
143,iPhone,Phone,102,Hardware,001,299,10/4/2012
144,kindleHD,Tablet,100,Hardware,002,149,10/4/2012
145,windows7,PC Software,101,Software,002,99,10/4/2012
146,Sql Server,Database Software,102,Software,002,1499,10/4/2012
147,Windows Server,Server Software,100,Software,002,1999,10/4/2012
148,iPad,Tablet,100,Hardware,001,599,10/4/2012
149,iPod,MP3,101,Hardware,001,249,10/4/2012
150,iPhone,Phone,102,Hardware,001,299,10/4/2012
151,kindleHD,Tablet,100,Hardware,002,149,10/4/2012
152,windows7,PC Software,101,Software,002,99,10/4/2012
153,Sql Server,Database Software,102,Software,002,1499,10/4/2012
154,Windows Server,Server Software,100,Software,002,1999,10/4/2012
155,iPad,Tablet,100,Hardware,001,599,10/4/2012
156,iPod,MP3,101,Hardware,001,249,10/4/2012
157,iPhone,Phone,102,Hardware,001,299,10/4/2012
158,kindleHD,Tablet,100,Hardware,002,149,10/4/2012
159,windows7,PC Software,101,Software,002,99,10/4/2012
160,Sql Server,Database Software,102,Software,002,1499,10/4/2012
161,Windows Server,Server Software,100,Software,002,1999,10/4/2012
162,iPad,Tablet,100,Hardware,001,599,10/4/2012
163,iPod,MP3,101,Hardware,001,249,10/4/2012
164,iPhone,Phone,102,Hardware,001,299,10/4/2012
165,kindleHD,Tablet,100,Hardware,002,149,10/4/2012
166,windows7,PC Software,101,Software,002,99,10/4/2012
167,Sql Server,Database Software,102,Software,002,1499,10/4/2012
168,Windows Server,Server Software,100,Software,002,1999,10/4/2012
169,iPad,Tablet,100,Hardware,001,599,10/4/2012
170,iPod,MP3,101,Hardware,001,249,10/4/2012
171,iPhone,Phone,102,Hardware,001,299,10/4/2012
172,kindleHD,Tablet,100,Hardware,002,149,10/4/2012
173,windows7,PC Software,101,Software,002,99,10/4/2012
174,Sql Server,Database Software,102,Software,002,1499,10/4/2012
175,Windows Server,Server Software,100,Software,002,1999,10/4/2012
176,iPad,Tablet,100,Hardware,001,599,10/4/2012
177,iPod,MP3,101,Hardware,001,249,10/4/2012
178,iPhone,Phone,102,Hardware,001,299,10/4/2012
179,kindleHD,Tablet,100,Hardware,002,149,10/4/2012
180,windows7,PC Software,101,Software,002,99,10/4/2012
181,Sql Server,Database Software,102,Software,002,1499,10/4/2012
182,Windows Server,Server Software,100,Software,002,1999,10/4/2012
183,iPad,Tablet,100,Hardware,001,599,10/4/2012
184,iPod,MP3,101,Hardware,001,249,10/4/2012
185,iPhone,Phone,102,Hardware,001,299,10/4/2012
186,kindleHD,Tablet,100,Hardware,002,149,10/4/2012
187,windows7,PC Software,101,Software,002,99,10/4/2012
188,Sql Server,Database Software,102,Software,002,1499,10/4/2012
189,Windows Server,Server Software,100,Software,002,1999,10/4/2012
190,iPad,Tablet,100,Hardware,001,599,10/4/2012
191,iPod,MP3,101,Hardware,001,249,10/4/2012
192,iPhone,Phone,102,Hardware,001,299,10/4/2012
193,kindleHD,Tablet,100,Hardware,002,149,10/4/2012
194,windows7,PC Software,101,Software,002,99,10/4/2012
195,Sql Server,Database Software,102,Software,002,1499,10/4/2012
196,Windows Server,Server Software,100,Software,002,1999,10/4/2012
197,iPad,Tablet,100,Hardware,001,599,10/4/2012
198,iPod,MP3,101,Hardware,001,249,10/4/2012
199,iPhone,Phone,102,Hardware,001,299,10/4/2012
200,kindleHD,Tablet,100,Hardware,002,149,10/4/2012
201,windows7,PC Software,101,Software,002,99,10/4/2012
202,Sql Server,Database Software,102,Software,002,1499,10/4/2012
203,Windows Server,Server Software,100,Software,002,1999,10/4/2012
204,iPad,Tablet,100,Hardware,001,599,10/4/2012
205,iPod,MP3,101,Hardware,001,249,10/4/2012
206,iPhone,Phone,102,Hardware,001,299,10/4/2012
207,kindleHD,Tablet,100,Hardware,002,149,10/4/2012
208,windows7,PC Software,101,Software,002,99,10/4/2012
209,Sql Server,Database Software,102,Software,002,1499,10/4/2012
210,Windows Server,Server Software,100,Software,002,1999,10/4/2012
211,iPad,Tablet,100,Hardware,001,599,10/4/2012
212,iPod,MP3,101,Hardware,001,249,10/4/2012
213,iPhone,Phone,102,Hardware,001,299,10/4/2012
214,kindleHD,Tablet,100,Hardware,002,149,10/4/2012
215,windows7,PC Software,101,Software,002,99,10/4/2012
216,Sql Server,Database Software,102,Software,002,1499,10/4/2012
217,Windows Server,Server Software,100,Software,002,1999,10/4/2012
218,iPad,Tablet,100,Hardware,001,599,10/4/2012
219,iPod,MP3,101,Hardware,001,249,10/4/2012
220,iPhone,Phone,102,Hardware,001,299,10/4/2012
221,kindleHD,Tablet,100,Hardware,002,149,10/4/2012
222,windows7,PC Software,101,Software,002,99,10/4/2012
223,Sql Server,Database Software,102,Software,002,1499,10/4/2012
224,Windows Server,Server Software,100,Software,002,1999,10/4/2012
225,iPad,Tablet,100,Hardware,001,599,10/4/2012
226,iPod,MP3,101,Hardware,001,249,10/4/2012
227,iPhone,Phone,102,Hardware,001,299,10/4/2012
228,kindleHD,Tablet,100,Hardware,002,149,10/4/2012
229,windows7,PC Software,101,Software,002,99,10/4/2012
230,Sql Server,Database Software,102,Software,002,1499,10/4/2012
231,Windows Server,Server Software,100,Software,002,1999,10/4/2012
232,iPad,Tablet,100,Hardware,001,599,10/4/2012
233,iPod,MP3,101,Hardware,001,249,10/4/2012
234,iPhone,Phone,102,Hardware,001,299,10/4/2012
235,kindleHD,Tablet,100,Hardware,002,149,10/4/2012
236,windows7,PC Software,101,Software,002,99,10/4/2012
237,Sql Server,Database Software,102,Software,002,1499,10/4/2012
238,Windows Server,Server Software,100,Software,002,1999,10/4/2012
239,iPad,Tablet,100,Hardware,001,599,10/4/2012
240,iPod,MP3,101,Hardware,001,249,10/4/2012
241,iPhone,Phone,102,Hardware,001,299,10/4/2012
242,kindleHD,Tablet,100,Hardware,002,149,10/4/2012
243,windows7,PC Software,101,Software,002,99,10/4/2012
244,Sql Server,Database Software,102,Software,002,1499,10/4/2012
245,Windows Server,Server Software,100,Software,002,1999,10/4/2012
246,iPad,Tablet,100,Hardware,001,599,10/4/2012
247,iPod,MP3,101,Hardware,001,249,10/4/2012
248,iPhone,Phone,102,Hardware,001,299,10/4/2012
249,kindleHD,Tablet,100,Hardware,002,149,10/4/2012
250,windows7,PC Software,101,Software,002,99,10/4/2012
251,Sql Server,Database Software,102,Software,002,1499,10/4/2012
252,Windows Server,Server Software,100,Software,002,1999,10/4/2012
253,iPad,Tablet,100,Hardware,001,599,10/4/2012
254,iPod,MP3,101,Hardware,001,249,10/4/2012
255,iPhone,Phone,102,Hardware,001,299,10/4/2012
256,kindleHD,Tablet,100,Hardware,002,149,10/4/2012
257,windows7,PC Software,101,Software,002,99,10/4/2012
258,Sql Server,Database Software,102,Software,002,1499,10/4/2012
259,Windows Server,Server Software,100,Software,002,1999,10/4/2012
260,iPad,Tablet,100,Hardware,001,599,10/4/2012
261,iPod,MP3,101,Hardware,001,249,10/4/2012
262,iPhone,Phone,102,Hardware,001,299,10/4/2012
263,kindleHD,Tablet,100,Hardware,002,149,10/4/2012
264,windows7,PC Software,101,Software,002,99,10/4/2012
265,Sql Server,Database Software,102,Software,002,1499,10/4/2012
266,Windows Server,Server Software,100,Software,002,1999,10/4/2012
267,iPad,Tablet,100,Hardware,001,599,10/4/2012
268,iPod,MP3,101,Hardware,001,249,10/4/2012
269,iPhone,Phone,102,Hardware,001,299,10/4/2012
270,kindleHD,Tablet,100,Hardware,002,149,10/4/2012
271,windows7,PC Software,101,Software,002,99,10/4/2012
272,Sql Server,Database Software,102,Software,002,1499,10/4/2012
273,Windows Server,Server Software,100,Software,002,1999,10/4/2012
274,iPad,Tablet,100,Hardware,001,599,10/4/2012
275,iPod,MP3,101,Hardware,001,249,10/4/2012
276,iPhone,Phone,102,Hardware,001,299,10/4/2012
277,kindleHD,Tablet,100,Hardware,002,149,10/4/2012
278,windows7,PC Software,101,Software,002,99,10/4/2012
279,Sql Server,Database Software,102,Software,002,1499,10/4/2012
280,Windows Server,Server Software,100,Software,002,1999,10/4/2012
281,iPad,Tablet,100,Hardware,001,599,10/4/2012
282,iPod,MP3,101,Hardware,001,249,10/4/2012
283,iPhone,Phone,102,Hardware,001,299,10/4/2012
284,kindleHD,Tablet,100,Hardware,002,149,10/4/2012
285,windows7,PC Software,101,Software,002,99,10/4/2012
286,Sql Server,Database Software,102,Software,002,1499,10/4/2012
287,Windows Server,Server Software,100,Software,002,1999,10/4/2012
288,iPad,Tablet,100,Hardware,001,599,10/4/2012
289,iPod,MP3,101,Hardware,001,249,10/4/2012
290,iPhone,Phone,102,Hardware,001,299,10/4/2012
291,kindleHD,Tablet,100,Hardware,002,149,10/4/2012
292,windows7,PC Software,101,Software,002,99,10/4/2012
293,Sql Server,Database Software,102,Software,002,1499,10/4/2012
294,Windows Server,Server Software,100,Software,002,1999,10/4/2012
295,iPad,Tablet,100,Hardware,001,599,10/4/2012
296,iPod,MP3,101,Hardware,001,249,10/4/2012
297,iPhone,Phone,102,Hardware,001,299,10/4/2012
298,kindleHD,Tablet,100,Hardware,002,149,10/4/2012
299,windows7,PC Software,101,Software,002,99,10/4/2012
300,Sql Server,Database Software,102,Software,002,1499,10/4/2012
301,Windows Server,Server Software,100,Software,002,1999,10/4/2012
302,iPad,Tablet,100,Hardware,001,599,10/4/2012
303,iPod,MP3,101,Hardware,001,249,10/4/2012
304,iPhone,Phone,102,Hardware,001,299,10/4/2012
305,kindleHD,Tablet,100,Hardware,002,149,10/4/2012
306,windows7,PC Software,101,Software,002,99,10/4/2012
307,Sql Server,Database Software,102,Software,002,1499,10/4/2012
308,Windows Server,Server Software,100,Software,002,1999,10/4/2012
309,iPad,Tablet,100,Hardware,001,599,10/4/2012
310,iPod,MP3,101,Hardware,001,249,10/4/2012
311,iPhone,Phone,102,Hardware,001,299,10/4/2012
312,kindleHD,Tablet,100,Hardware,002,149,10/4/2012
313,windows7,PC Software,101,Software,002,99,10/4/2012
314,Sql Server,Database Software,102,Software,002,1499,10/4/2012
315,Windows Server,Server Software,100,Software,002,1999,10/4/2012
316,iPad,Tablet,100,Hardware,001,599,10/4/2012
317,iPod,MP3,101,Hardware,001,249,10/4/2012
318,iPhone,Phone,102,Hardware,001,299,10/4/2012
319,kindleHD,Tablet,100,Hardware,002,149,10/4/2012
320,windows7,PC Software,101,Software,002,99,10/4/2012
321,Sql Server,Database Software,102,Software,002,1499,10/4/2012
322,Windows Server,Server Software,100,Software,002,1999,10/4/2012
323,iPad,Tablet,100,Hardware,001,599,10/4/2012
324,iPod,MP3,101,Hardware,001,249,10/4/2012
325,iPhone,Phone,102,Hardware,001,299,10/4/2012
326,kindleHD,Tablet,100,Hardware,002,149,10/4/2012
327,windows7,PC Software,101,Software,002,99,10/4/2012
328,Sql Server,Database Software,102,Software,002,1499,10/4/2012
329,Windows Server,Server Software,100,Software,002,1999,10/4/2012
330,iPad,Tablet,100,Hardware,001,599,10/4/2012
331,iPod,MP3,101,Hardware,001,249,10/4/2012
332,iPhone,Phone,102,Hardware,001,299,10/4/2012
333,kindleHD,Tablet,100,Hardware,002,149,10/4/2012
334,windows7,PC Software,101,Software,002,99,10/4/2012
335,Sql Server,Database Software,102,Software,002,1499,10/4/2012
336,Windows Server,Server Software,100,Software,002,1999,10/4/2012
337,iPad,Tablet,100,Hardware,001,599,10/4/2012
338,iPod,MP3,101,Hardware,001,249,10/4/2012
339,iPhone,Phone,102,Hardware,001,299,10/4/2012
340,kindleHD,Tablet,100,Hardware,002,149,10/4/2012
341,windows7,PC Software,101,Software,002,99,10/4/2012
342,Sql Server,Database Software,102,Software,002,1499,10/4/2012
343,Windows Server,Server Software,100,Software,002,1999,10/4/2012
344,iPad,Tablet,100,Hardware,001,599,10/4/2012
345,iPod,MP3,101,Hardware,001,249,10/4/2012
346,iPhone,Phone,102,Hardware,001,299,10/4/2012
347,kindleHD,Tablet,100,Hardware,002,149,10/4/2012
348,windows7,PC Software,101,Software,002,99,10/4/2012
349,Sql Server,Database Software,102,Software,002,1499,10/4/2012
350,Windows Server,Server Software,100,Software,002,1999,10/4/2012
351,iPad,Tablet,100,Hardware,001,599,10/4/2012
352,iPod,MP3,101,Hardware,001,249,10/4/2012
353,iPhone,Phone,102,Hardware,001,299,10/4/2012
354,kindleHD,Tablet,100,Hardware,002,149,10/4/2012
355,windows7,PC Software,101,Software,002,99,10/4/2012
356,Sql Server,Database Software,102,Software,002,1499,10/4/2012
357,Windows Server,Server Software,100,Software,002,1999,10/4/2012
358,iPad,Tablet,100,Hardware,001,599,10/4/2012
359,iPod,MP3,101,Hardware,001,249,10/4/2012
360,iPhone,Phone,102,Hardware,001,299,10/4/2012
361,kindleHD,Tablet,100,Hardware,002,149,10/4/2012
362,windows7,PC Software,101,Software,002,99,10/4/2012
363,Sql Server,Database Software,102,Software,002,1499,10/4/2012
364,Windows Server,Server Software,100,Software,002,1999,10/4/2012
365,iPad,Tablet,100,Hardware,001,599,10/4/2012
366,iPod,MP3,101,Hardware,001,249,10/4/2012
367,iPhone,Phone,102,Hardware,001,299,10/4/2012
368,kindleHD,Tablet,100,Hardware,002,149,10/4/2012
369,windows7,PC Software,101,Software,002,99,10/4/2012
370,Sql Server,Database Software,102,Software,002,1499,10/4/2012
371,Windows Server,Server Software,100,Software,002,1999,10/4/2012
372,iPad,Tablet,100,Hardware,001,599,10/4/2012
373,iPod,MP3,101,Hardware,001,249,10/4/2012
374,iPhone,Phone,102,Hardware,001,299,10/4/2012
375,kindleHD,Tablet,100,Hardware,002,149,10/4/2012
376,windows7,PC Software,101,Software,002,99,10/4/2012
377,Sql Server,Database Software,102,Software,002,1499,10/4/2012
378,Windows Server,Server Software,100,Software,002,1999,10/4/2012
379,iPad,Tablet,100,Hardware,001,599,10/4/2012
380,iPod,MP3,101,Hardware,001,249,10/4/2012
381,iPhone,Phone,102,Hardware,001,299,10/4/2012
382,kindleHD,Tablet,100,Hardware,002,149,10/4/2012
383,windows7,PC Software,101,Software,002,99,10/4/2012
384,Sql Server,Database Software,102,Software,002,1499,10/4/2012
385,Windows Server,Server Software,100,Software,002,1999,10/4/2012
386,iPad,Tablet,100,Hardware,001,599,10/4/2012
387,iPod,MP3,101,Hardware,001,249,10/4/2012
388,iPhone,Phone,102,Hardware,001,299,10/4/2012
389,kindleHD,Tablet,100,Hardware,002,149,10/4/2012
390,windows7,PC Software,101,Software,002,99,10/4/2012
391,Sql Server,Database Software,102,Software,002,1499,10/4/2012
392,Windows Server,Server Software,100,Software,002,1999,10/4/2012
393,iPad,Tablet,100,Hardware,001,599,10/4/2012
394,iPod,MP3,101,Hardware,001,249,10/4/2012
395,iPhone,Phone,102,Hardware,001,299,10/4/2012
396,kindleHD,Tablet,100,Hardware,002,149,10/4/2012
397,windows7,PC Software,101,Software,002,99,10/4/2012
398,Sql Server,Database Software,102,Software,002,1499,10/4/2012
399,Windows Server,Server Software,100,Software,002,1999,10/4/2012
400,iPad,Tablet,100,Hardware,001,599,10/4/2012
401,iPod,MP3,101,Hardware,001,249,10/4/2012
402,iPhone,Phone,102,Hardware,001,299,10/4/2012
403,kindleHD,Tablet,100,Hardware,002,149,10/4/2012
404,windows7,PC Software,101,Software,002,99,10/4/2012
405,Sql Server,Database Software,102,Software,002,1499,10/4/2012
406,Windows Server,Server Software,100,Software,002,1999,10/4/2012
407,iPad,Tablet,100,Hardware,001,599,10/4/2012
408,iPod,MP3,101,Hardware,001,249,10/4/2012
409,iPhone,Phone,102,Hardware,001,299,10/4/2012
410,kindleHD,Tablet,100,Hardware,002,149,10/4/2012
411,windows7,PC Software,101,Software,002,99,10/4/2012
412,Sql Server,Database Software,102,Software,002,1499,10/4/2012
413,Windows Server,Server Software,100,Software,002,1999,10/4/2012
414,iPad,Tablet,100,Hardware,001,599,10/4/2012
415,iPod,MP3,101,Hardware,001,249,10/4/2012
416,iPhone,Phone,102,Hardware,001,299,10/4/2012
417,kindleHD,Tablet,100,Hardware,002,149,10/4/2012
418,windows7,PC Software,101,Software,002,99,10/4/2012
419,Sql Server,Database Software,102,Software,002,1499,10/4/2012
420,Windows Server,Server Software,100,Software,002,1999,10/4/2012
421,iPad,Tablet,100,Hardware,001,599,10/4/2012
422,iPod,MP3,101,Hardware,001,249,10/4/2012
423,iPhone,Phone,102,Hardware,001,299,10/4/2012
424,kindleHD,Tablet,100,Hardware,002,149,10/4/2012
425,windows7,PC Software,101,Software,002,99,10/4/2012
426,Sql Server,Database Software,102,Software,002,1499,10/4/2012
427,Windows Server,Server Software,100,Software,002,1999,10/4/2012
428,iPad,Tablet,100,Hardware,001,599,10/4/2012
429,iPod,MP3,101,Hardware,001,249,10/4/2012
430,iPhone,Phone,102,Hardware,001,299,10/4/2012
431,kindleHD,Tablet,100,Hardware,002,149,10/4/2012
432,windows7,PC Software,101,Software,002,99,10/4/2012
433,Sql Server,Database Software,102,Software,002,1499,10/4/2012
434,Windows Server,Server Software,100,Software,002,1999,10/4/2012
435,iPad,Tablet,100,Hardware,001,599,10/4/2012
436,iPod,MP3,101,Hardware,001,249,10/4/2012
437,iPhone,Phone,102,Hardware,001,299,10/4/2012
438,kindleHD,Tablet,100,Hardware,002,149,10/4/2012
439,windows7,PC Software,101,Software,002,99,10/4/2012
440,Sql Server,Database Software,102,Software,002,1499,10/4/2012
441,Windows Server,Server Software,100,Software,002,1999,10/4/2012
442,iPad,Tablet,100,Hardware,001,599,10/4/2012
443,iPod,MP3,101,Hardware,001,249,10/4/2012
444,iPhone,Phone,102,Hardware,001,299,10/4/2012
445,kindleHD,Tablet,100,Hardware,002,149,10/4/2012
446,windows7,PC Software,101,Software,002,99,10/4/2012
447,Sql Server,Database Software,102,Software,002,1499,10/4/2012
448,Windows Server,Server Software,100,Software,002,1999,10/4/2012
449,iPad,Tablet,100,Hardware,001,599,10/4/2012
450,iPod,MP3,101,Hardware,001,249,10/4/2012
451,iPhone,Phone,102,Hardware,001,299,10/4/2012
452,kindleHD,Tablet,100,Hardware,002,149,10/4/2012
453,windows7,PC Software,101,Software,002,99,10/4/2012
454,Sql Server,Database Software,102,Software,002,1499,10/4/2012
455,Windows Server,Server Software,100,Software,002,1999,10/4/2012
456,iPad,Tablet,100,Hardware,001,599,10/4/2012
457,iPod,MP3,101,Hardware,001,249,10/4/2012
458,iPhone,Phone,102,Hardware,001,299,10/4/2012
459,kindleHD,Tablet,100,Hardware,002,149,10/4/2012
460,windows7,PC Software,101,Software,002,99,10/4/2012
461,Sql Server,Database Software,102,Software,002,1499,10/4/2012
462,Windows Server,Server Software,100,Software,002,1999,10/4/2012
463,iPad,Tablet,100,Hardware,001,599,10/4/2012
464,iPod,MP3,101,Hardware,001,249,10/4/2012
465,iPhone,Phone,102,Hardware,001,299,10/4/2012
466,kindleHD,Tablet,100,Hardware,002,149,10/4/2012
467,windows7,PC Software,101,Software,002,99,10/4/2012
468,Sql Server,Database Software,102,Software,002,1499,10/4/2012
469,Windows Server,Server Software,100,Software,002,1999,10/4/2012
470,iPad,Tablet,100,Hardware,001,599,10/4/2012
471,iPod,MP3,101,Hardware,001,249,10/4/2012
472,iPhone,Phone,102,Hardware,001,299,10/4/2012
473,kindleHD,Tablet,100,Hardware,002,149,10/4/2012
474,windows7,PC Software,101,Software,002,99,10/4/2012
475,Sql Server,Database Software,102,Software,002,1499,10/4/2012
476,Windows Server,Server Software,100,Software,002,1999,10/4/2012
477,iPad,Tablet,100,Hardware,001,599,10/4/2012
478,iPod,MP3,101,Hardware,001,249,10/4/2012
479,iPhone,Phone,102,Hardware,001,299,10/4/2012
480,kindleHD,Tablet,100,Hardware,002,149,10/4/2012
481,windows7,PC Software,101,Software,002,99,10/4/2012
482,Sql Server,Database Software,102,Software,002,1499,10/4/2012
483,Windows Server,Server Software,100,Software,002,1999,10/4/2012
484,iPad,Tablet,100,Hardware,001,599,10/4/2012
485,iPod,MP3,101,Hardware,001,249,10/4/2012
486,iPhone,Phone,102,Hardware,001,299,10/4/2012
487,kindleHD,Tablet,100,Hardware,002,149,10/4/2012
488,windows7,PC Software,101,Software,002,99,10/4/2012
489,Sql Server,Database Software,102,Software,002,1499,10/4/2012
490,Windows Server,Server Software,100,Software,002,1999,10/4/2012
491,iPad,Tablet,100,Hardware,001,599,10/4/2012
492,iPod,MP3,101,Hardware,001,249,10/4/2012
493,iPhone,Phone,102,Hardware,001,299,10/4/2012
494,kindleHD,Tablet,100,Hardware,002,149,10/4/2012
495,windows7,PC Software,101,Software,002,99,10/4/2012
496,Sql Server,Database Software,102,Software,002,1499,10/4/2012
497,Windows Server,Server Software,100,Software,002,1999,10/4/2012
498,iPad,Tablet,100,Hardware,001,599,10/4/2012
499,iPod,MP3,101,Hardware,001,249,10/4/2012
500,iPhone,Phone,102,Hardware,001,299,10/4/2012
501,kindleHD,Tablet,100,Hardware,002,149,10/4/2012
502,windows7,PC Software,101,Software,002,99,10/4/2012
503,Sql Server,Database Software,102,Software,002,1499,10/4/2012
504,Windows Server,Server Software,100,Software,002,1999,10/4/2012
505,iPad,Tablet,100,Hardware,001,599,10/4/2012
506,iPod,MP3,101,Hardware,001,249,10/4/2012
507,iPhone,Phone,102,Hardware,001,299,10/4/2012
508,kindleHD,Tablet,100,Hardware,002,149,10/4/2012
509,windows7,PC Software,101,Software,002,99,10/4/2012
510,Sql Server,Database Software,102,Software,002,1499,10/4/2012
511,Windows Server,Server Software,100,Software,002,1999,10/4/2012
512,iPad,Tablet,100,Hardware,001,599,10/4/2012
513,iPod,MP3,101,Hardware,001,249,10/4/2012
514,iPhone,Phone,102,Hardware,001,299,10/4/2012
515,kindleHD,Tablet,100,Hardware,002,149,10/4/2012
516,windows7,PC Software,101,Software,002,99,10/4/2012
517,Sql Server,Database Software,102,Software,002,1499,10/4/2012
518,Windows Server,Server Software,100,Software,002,1999,10/4/2012
519,iPad,Tablet,100,Hardware,001,599,10/4/2012
520,iPod,MP3,101,Hardware,001,249,10/4/2012
521,iPhone,Phone,102,Hardware,001,299,10/4/2012
522,kindleHD,Tablet,100,Hardware,002,149,10/4/2012
523,windows7,PC Software,101,Software,002,99,10/4/2012
524,Sql Server,Database Software,102,Software,002,1499,10/4/2012
525,Windows Server,Server Software,100,Software,002,1999,10/4/2012
526,iPad,Tablet,100,Hardware,001,599,10/4/2012
527,iPod,MP3,101,Hardware,001,249,10/4/2012
528,iPhone,Phone,102,Hardware,001,299,10/4/2012
529,kindleHD,Tablet,100,Hardware,002,149,10/4/2012
530,windows7,PC Software,101,Software,002,99,10/4/2012
531,Sql Server,Database Software,102,Software,002,1499,10/4/2012
532,Windows Server,Server Software,100,Software,002,1999,10/4/2012
533,iPad,Tablet,100,Hardware,001,599,10/4/2012
534,iPod,MP3,101,Hardware,001,249,10/4/2012
535,iPhone,Phone,102,Hardware,001,299,10/4/2012
536,kindleHD,Tablet,100,Hardware,002,149,10/4/2012
537,windows7,PC Software,101,Software,002,99,10/4/2012
538,Sql Server,Database Software,102,Software,002,1499,10/4/2012
539,Windows Server,Server Software,100,Software,002,1999,10/4/2012
540,iPad,Tablet,100,Hardware,001,599,10/4/2012
541,iPod,MP3,101,Hardware,001,249,10/4/2012
542,iPhone,Phone,102,Hardware,001,299,10/4/2012
543,kindleHD,Tablet,100,Hardware,002,149,10/4/2012
544,windows7,PC Software,101,Software,002,99,10/4/2012
545,Sql Server,Database Software,102,Software,002,1499,10/4/2012
546,Windows Server,Server Software,100,Software,002,1999,10/4/2012
547,iPad,Tablet,100,Hardware,001,599,10/4/2012
548,iPod,MP3,101,Hardware,001,249,10/4/2012
549,iPhone,Phone,102,Hardware,001,299,10/4/2012
550,kindleHD,Tablet,100,Hardware,002,149,10/4/2012
551,windows7,PC Software,101,Software,002,99,10/4/2012
552,Sql Server,Database Software,102,Software,002,1499,10/4/2012
553,Windows Server,Server Software,100,Software,002,1999,10/4/2012
554,iPad,Tablet,100,Hardware,001,599,10/4/2012
555,iPod,MP3,101,Hardware,001,249,10/4/2012
556,iPhone,Phone,102,Hardware,001,299,10/4/2012
557,kindleHD,Tablet,100,Hardware,002,149,10/4/2012
558,windows7,PC Software,101,Software,002,99,10/4/2012
559,Sql Server,Database Software,102,Software,002,1499,10/4/2012
560,Windows Server,Server Software,100,Software,002,1999,10/4/2012
